{
  "meta": {
    "timestamp": 1761595025.0376315,
    "nodes": [
      "127.0.0.1:6000",
      "127.0.0.1:6010",
      "127.0.0.1:6020"
    ]
  },
  "locks": {
    "operation": "distributed_locks",
    "total_ops": 50,
    "successful_ops": 0,
    "success_rate_percent": 0.0,
    "duration_seconds": 6.053181300027063,
    "throughput_ops_per_sec": 8.260119352410022,
    "avg_latency_ms": 1209.324978,
    "p50_latency_ms": 6.28125,
    "p95_latency_ms": 6024.663159999999,
    "p99_latency_ms": 0.0,
    "raw_latencies_ms_sample": [
      6013.2271,
      7.277,
      6020.6883,
      6020.7104,
      6022.1173,
      6023.4982,
      6023.9443,
      6023.9936,
      6024.4423,
      6024.9331,
      6026.7477,
      6.3984,
      6.607,
      7.5392,
      6.3168,
      4.8634,
      5.0251,
      6.2059,
      6.1893,
      6.0172,
      6.8452,
      5.9819,
      6.6905,
      7.28,
      8.7586,
      6.0947,
      6.4281,
      7.9454,
      7.4708,
      8.2644,
      6.5801,
      5.929,
      5.3251,
      5.9977,
      4.966,
      6.3038,
      5.1938,
      5.1914,
      5.6713,
      6.2587,
      6.0474,
      5.8306,
      5.1171,
      6.1936,
      6.2195,
      5.4832,
      3.2012,
      4.0355,
      4.1418,
      4.0609
    ]
  },
  "queue": {
    "operation": "distributed_queue",
    "messages_requested": 50,
    "messages_enqueued": 0,
    "messages_dequeued": 0,
    "duration_seconds": 0.04013629999826662,
    "enqueue_throughput_msg_per_sec": 0.0,
    "dequeue_throughput_msg_per_sec": 0.0,
    "avg_enqueue_latency_ms": 6.566504,
    "avg_dequeue_latency_ms": 0.0,
    "p50_enqueue_latency_ms": 6.72605,
    "p95_enqueue_latency_ms": 8.83409,
    "p99_enqueue_latency_ms": 0.0,
    "p50_dequeue_latency_ms": 0.0,
    "p95_dequeue_latency_ms": 0.0,
    "p99_dequeue_latency_ms": 0.0,
    "enqueue_latencies_ms_sample": [
      3.6796,
      4.2543,
      7.2128,
      7.9494,
      7.4902,
      8.1347,
      7.5787,
      8.748,
      8.0204,
      8.5887,
      8.4995,
      7.8431,
      4.1306,
      4.8266,
      4.8424,
      5.9832,
      6.5075,
      7.4058,
      7.2265,
      6.7149,
      7.6946,
      8.8716,
      5.2747,
      5.9607,
      6.4725,
      5.8152,
      6.4879,
      5.6822,
      5.6227,
      4.631,
      5.1639,
      4.7339,
      4.9644,
      5.4633,
      6.7372,
      7.3914,
      7.1101,
      7.5629,
      8.0481,
      8.3686,
      8.8034,
      8.9321,
      7.4155,
      7.141,
      7.1053,
      4.2931,
      6.1254,
      5.0957,
      5.132,
      4.5879
    ],
    "dequeue_latencies_ms_sample": []
  },
  "cache": {
    "operation": "distributed_cache",
    "puts": 40,
    "gets": 50,
    "hit_count": 0,
    "hit_rate_percent": 0.0,
    "avg_put_latency_ms": 3.2377125,
    "avg_get_latency_ms": 3.195208,
    "p50_get_latency_ms": 3.097,
    "p95_get_latency_ms": 4.086275,
    "p99_get_latency_ms": 0.0,
    "put_latencies_ms_sample": [
      3.0833,
      3.217,
      3.0349,
      4.1361,
      3.1238,
      3.2715,
      3.0525,
      3.1261,
      3.0126,
      2.7035,
      3.7466,
      3.6295,
      3.0376,
      3.0763,
      3.4555,
      2.7355,
      3.2109,
      2.9895,
      3.2416,
      3.2839,
      3.0163,
      3.1011,
      2.8702,
      3.2843,
      2.7163,
      2.8626,
      3.6496,
      3.3134,
      3.8926,
      3.0077,
      3.2282,
      3.4477,
      3.4502,
      4.0719,
      2.9021,
      3.5385,
      3.4671,
      2.8205,
      3.2061,
      3.4939
    ],
    "get_latencies_ms_sample": [
      3.0549,
      3.1997,
      3.0426,
      3.3071,
      3.3665,
      2.7765,
      3.0505,
      2.8232,
      3.141,
      3.2811,
      2.8974,
      2.8736,
      3.0144,
      3.7704,
      3.0149,
      2.7217,
      3.3499,
      3.3611,
      3.9365,
      3.0691,
      3.0662,
      2.9571,
      3.7105,
      3.3165,
      2.7808,
      2.7408,
      2.7099,
      2.9046,
      3.6336,
      4.2136,
      3.5112,
      3.1249,
      3.9653,
      2.7916,
      3.0095,
      3.2548,
      3.1301,
      3.6954,
      2.7741,
      3.9821,
      2.7892,
      3.2636,
      3.2033,
      3.6898,
      4.3389,
      2.6552,
      3.1871,
      2.7739,
      2.7579,
      2.7768
    ]
  }
}